<environmentvariabledefinition schemaname="cr680_AzureOpenAIURL">
  <defaultvalue>https://your-endpoint.openai.azure.com/openai/deployments/your-model-name/chat/completions?api-version=2023-07-01-preview</defaultvalue>
  <description default="AzureOpenAIURL">
    <label description="AzureOpenAIURL" languagecode="1033" />
  </description>
  <displayname default="AzureOpenAIURL">
    <label description="AzureOpenAIURL" languagecode="1033" />
  </displayname>
  <introducedversion>1.0.0.0</introducedversion>
  <iscustomizable>1</iscustomizable>
  <isrequired>0</isrequired>
  <secretstore>0</secretstore>
  <type>100000000</type>
</environmentvariabledefinition>